Customer ID,Recency,Frequency,Monetary,Avg_Basket,Total_Profit,Avg_Discount,Segment,Region,R_Score,F_Score,M_Score,RFM_Score
CG-00001,1020,1,1740.93,435.2325,431.28999999999996,0.0875,Lost,West,1,1,2,4
CG-00002,404,3,5936.200000000001,1187.2400000000002,1796.4,0.13,Lost Big Spenders,Central,2,2,4,8
CG-00003,285,1,96.39,96.39,6.28,0.0,New/Promising,East,3,1,1,5
CG-00004,3,4,3723.3599999999997,744.6719999999999,1600.53,0.15,Champions,West,4,3,3,10
CG-00005,115,4,4803.33,800.555,1325.84,0.05833333333333333,Champions,West,4,3,3,10
CG-00006,661,2,44.19,14.729999999999999,11.07,0.09999999999999999,Lost,East,1,1,1,3
CG-00007,675,2,2824.38,1412.19,601.9000000000001,0.075,Lost Big Spenders,West,1,1,3,5
CG-00008,295,2,925.97,308.6566666666667,128.65,0.03333333333333333,New/Promising,South,3,1,2,6
CG-00009,68,1,8.99,8.99,2.86,0.1,New/Promising,Central,4,1,1,6
CG-00010,568,4,2186.0699999999997,273.25874999999996,304.55,0.09375,At Risk,South,2,3,3,8
CG-00011,435,3,23.060000000000002,7.686666666666667,3.6799999999999997,0.049999999999999996,Lost,East,2,2,1,5
CG-00012,822,1,2336.68,2336.68,379.6,0.0,Lost Big Spenders,West,1,1,3,5
CG-00014,946,3,2393.46,299.1825,388.03,0.06875,Lost Big Spenders,Central,1,2,3,6
CG-00015,172,5,20025.16,1668.7633333333333,5749.48,0.09166666666666667,Champions,South,3,4,4,11
CG-00016,332,1,600.95,600.95,130.53,0.1,New/Promising,South,3,1,1,5
CG-00017,801,2,1361.4,272.28000000000003,497.46,0.09,Lost,Central,1,1,2,4
CG-00018,158,4,539.24,107.848,106.19999999999999,0.07,Loyal Customers,Central,4,3,1,8
CG-00019,1065,1,2098.9,2098.9,491.02,0.0,Lost,West,1,1,2,4
CG-00020,172,4,654.77,65.477,131.13,0.08,Loyal Customers,East,3,3,2,8
CG-00021,363,5,3667.4700000000003,333.40636363636366,708.81,0.07727272727272727,At Risk,East,2,4,3,9
CG-00022,1,6,7427.08,742.708,1020.17,0.09,Champions,Central,4,4,4,12
CG-00025,474,2,6852.33,1370.466,1673.59,0.1,Lost Big Spenders,Central,2,1,4,7
CG-00026,96,4,36111.43,3009.2858333333334,6709.51,0.075,Champions,West,4,3,4,11
CG-00027,895,1,111.95,111.95,8.28,0.05,Lost,East,1,1,1,3
CG-00028,474,3,407.06,135.68666666666667,124.26,0.03333333333333333,Lost,East,2,2,1,5
CG-00029,249,4,4687.14,669.5914285714287,728.45,0.03571428571428571,Champions,South,3,3,3,9
CG-00030,319,4,11424.65,1904.1083333333333,3063.81,0.05000000000000001,Champions,East,3,3,4,10
CG-00031,689,1,421.3,210.65,20.45,0.175,Lost,East,1,1,1,3
CG-00032,92,5,23562.559999999998,4712.512,6255.650000000001,0.06,Champions,South,4,4,4,12
CG-00033,3,6,10176.27,1017.6270000000001,1333.3600000000001,0.05,Champions,East,4,4,4,12
CG-00034,318,4,8317.66,1386.2766666666666,2397.8199999999997,0.05833333333333333,Champions,Central,3,3,4,10
CG-00035,336,4,2420.6800000000003,302.58500000000004,710.55,0.037500000000000006,At Risk,South,2,3,3,8
CG-00036,572,3,2390.64,398.44,685.51,0.05833333333333333,Lost Big Spenders,South,2,2,3,7
CG-00037,288,1,551.69,137.9225,44.52,0.07500000000000001,New/Promising,East,3,1,1,5
CG-00038,683,1,245.69,122.845,59.5,0.0,Lost,Central,1,1,1,3
CG-00039,128,3,8808.130000000001,1761.6260000000002,2041.31,0.16,Big Spenders,South,4,2,4,10
CG-00040,70,3,6011.790000000001,667.9766666666668,1048.6399999999999,0.03888888888888889,Big Spenders,Central,4,2,4,10
CG-00041,432,2,713.4699999999999,237.8233333333333,125.56000000000002,0.11666666666666665,Lost,South,2,1,2,5
CG-00042,356,4,18927.699999999997,1577.3083333333332,3952.25,0.06666666666666667,At Risk,West,2,3,4,9
CG-00043,317,3,7706.379999999999,1100.9114285714284,2686.74,0.05714285714285714,Big Spenders,East,3,2,4,9
CG-00044,150,4,4913.7300000000005,614.2162500000001,153.52,0.0875,Champions,West,4,3,3,10
CG-00045,80,5,8963.21,1493.868333333333,1585.87,0.05000000000000001,Champions,South,4,4,4,12
CG-00046,59,4,519.1999999999999,86.53333333333332,90.62,0.05833333333333333,Loyal Customers,West,4,3,1,8
CG-00047,119,3,2454.86,818.2866666666667,558.76,0.08333333333333333,Big Spenders,West,4,2,3,9
CG-00048,602,3,1267.21,422.40333333333336,60.75,0.16666666666666666,Lost,Central,2,2,2,6
CG-00049,507,1,30.19,30.19,8.54,0.15,Lost,West,2,1,1,4
CG-00050,251,7,8460.66,604.3328571428572,3147.65,0.09999999999999999,Champions,East,3,4,4,11
CG-00051,76,1,4022.2200000000003,2011.1100000000001,568.45,0.075,Big Spenders,Central,4,1,3,8
CG-00052,1401,1,87.22,87.22,4.57,0.0,Lost,West,1,1,1,3
CG-00053,128,6,3183.55,353.7277777777778,164.54000000000002,0.05555555555555555,Champions,East,4,4,3,11
CG-00054,73,5,6249.48,520.79,1511.54,0.07916666666666666,Champions,East,4,4,4,12
CG-00055,1450,1,3.78,3.78,0.86,0.1,Lost,West,1,1,1,3
CG-00056,141,2,74.4,37.2,20.67,0.025,New/Promising,South,4,1,1,6
CG-00057,259,3,2424.17,404.02833333333336,421.45,0.08333333333333333,Big Spenders,Central,3,2,3,8
CG-00058,118,3,1665.08,237.8685714285714,481.5899999999999,0.05714285714285715,New/Promising,West,4,2,2,8
CG-00059,198,5,10714.24,1785.7066666666667,2808.35,0.08333333333333333,Champions,West,3,4,4,11
CG-00060,542,3,2553.5499999999997,364.7928571428571,165.27,0.08571428571428572,Lost Big Spenders,South,2,2,3,7
CG-00061,567,2,611.33,203.77666666666667,84.69,0.15,Lost,East,2,1,2,5
CG-00062,300,3,14363.88,2051.982857142857,3208.91,0.0,Big Spenders,South,3,2,4,9
CG-00063,61,2,2559.47,639.8675,286.78,0.05,Big Spenders,Central,4,1,3,8
CG-00064,67,5,9361.28,936.128,1931.26,0.02,Champions,South,4,4,4,12
CG-00065,414,3,484.28000000000003,161.42666666666668,168.26,0.09999999999999999,Lost,East,2,2,1,5
CG-00066,157,1,1071.8899999999999,535.9449999999999,379.79,0.1,New/Promising,Central,4,1,2,7
CG-00067,211,1,602.04,200.67999999999998,37.010000000000005,0.03333333333333333,New/Promising,South,3,1,1,5
CG-00068,141,5,5743.52,820.5028571428572,1408.12,0.1285714285714286,Champions,East,4,4,4,12
CG-00069,229,3,19592.78,2176.9755555555553,6770.74,0.06666666666666668,Big Spenders,West,3,2,4,9
CG-00070,591,2,49.629999999999995,24.814999999999998,13.54,0.075,Lost,East,2,1,1,4
CG-00071,155,2,1578.8799999999999,394.71999999999997,191.12,0.0125,New/Promising,West,4,1,2,7
CG-00072,1022,2,2109.13,351.5216666666667,556.88,0.016666666666666666,Lost,West,1,1,2,4
CG-00073,9,4,4008.29,572.6128571428571,625.0799999999999,0.10714285714285714,Champions,West,4,3,3,10
CG-00074,470,5,5745.95,522.3590909090909,357.99,0.07272727272727274,At Risk,East,2,4,4,10
CG-00075,1158,1,77.87,77.87,25.04,0.0,Lost,South,1,1,1,3
CG-00076,323,4,6149.24,1229.848,1176.4099999999999,0.11000000000000001,Champions,East,3,3,4,10
CG-00077,182,2,9527.21,3175.736666666666,1206.56,0.0,Big Spenders,South,3,1,4,8
CG-00078,391,5,4289.6,329.9692307692308,953.39,0.1,At Risk,South,2,4,3,9
CG-00079,228,3,4680.570000000001,1170.1425000000002,908.29,0.075,Big Spenders,West,3,2,3,8
CG-00080,725,4,953.0600000000001,136.15142857142857,67.53,0.04285714285714286,Needs Attention,Central,1,3,2,6
CG-00081,468,2,592.6,296.3,153.47,0.025,Lost,South,2,1,1,4
CG-00082,296,1,3560.52,1780.26,1514.49,0.075,Big Spenders,West,3,1,3,7
CG-00083,987,3,6195.08,774.385,631.42,0.037500000000000006,Lost Big Spenders,Central,1,2,4,7
CG-00084,1165,2,656.47,131.294,84.52,0.02,Lost,East,1,1,2,4
CG-00085,420,1,500.43999999999994,250.21999999999997,58.02,0.15000000000000002,Lost,South,2,1,1,4
CG-00086,581,4,7167.53,1023.9328571428571,1732.5,0.04285714285714286,At Risk,East,2,3,4,9
CG-00087,936,1,642.13,642.13,296.74,0.0,Lost,East,1,1,2,4
CG-00088,5,6,6571.4,730.1555555555556,1567.13,0.08888888888888889,Champions,West,4,4,4,12
CG-00089,1372,1,15010.48,15010.48,3177.7,0.1,Lost Big Spenders,West,1,1,4,6
CG-00090,448,3,5576.89,796.6985714285714,1313.21,0.0642857142857143,Lost Big Spenders,East,2,2,4,8
CG-00091,806,2,1314.91,438.30333333333334,98.85,0.11666666666666665,Lost,South,1,1,2,4
CG-00092,275,3,5783.47,963.9116666666667,1088.59,0.0,Big Spenders,West,3,2,4,9
CG-00093,467,2,892.02,297.34,74.19999999999999,0.11666666666666665,Lost,West,2,1,2,5
CG-00094,812,1,1394.22,1394.22,284.57,0.0,Lost,South,1,1,2,4
CG-00095,840,3,14610.83,2087.2614285714285,3211.7000000000003,0.042857142857142864,Lost Big Spenders,South,1,2,4,7
CG-00096,491,2,13.18,6.59,2.11,0.05,Lost,Central,2,1,1,4
CG-00098,110,2,10472.599999999999,3490.8666666666663,3198.23,0.11666666666666665,Big Spenders,West,4,1,4,9
CG-00099,996,1,28.14,28.14,4.97,0.0,Lost,South,1,1,1,3
CG-00100,292,1,643.0,321.5,35.42,0.15,New/Promising,East,3,1,2,6
CG-00101,360,2,1047.41,209.48200000000003,257.53,0.13999999999999999,Lost,West,2,1,2,5
CG-00102,323,3,516.96,103.39200000000001,50.58,0.11000000000000001,New/Promising,West,3,2,1,6
CG-00103,167,2,13054.220000000001,2610.844,1731.0700000000002,0.09,Big Spenders,South,4,1,4,9
CG-00104,427,1,1504.02,501.34,54.64999999999999,0.10000000000000002,Lost,East,2,1,2,5
CG-00105,107,6,8381.369999999999,1047.6712499999999,1149.48,0.125,Champions,West,4,4,4,12
CG-00106,354,3,5294.25,1058.85,1263.6,0.02,Lost Big Spenders,South,2,2,4,8
CG-00107,1044,1,207.13,103.565,-4.09,0.075,Lost,Central,1,1,1,3
CG-00109,148,6,21941.68,2194.168,6830.35,0.06999999999999999,Champions,South,4,4,4,12
CG-00110,768,2,545.65,181.88333333333333,60.919999999999995,0.06666666666666667,Lost,Central,1,1,1,3
CG-00111,874,3,2402.86,480.572,88.86,0.17,Lost Big Spenders,West,1,2,3,6
CG-00112,90,3,5060.05,421.67083333333335,1749.79,0.07916666666666666,Big Spenders,West,4,2,3,9
CG-00113,228,5,5565.33,463.7775,683.74,0.05833333333333334,Champions,East,3,4,4,11
CG-00114,1264,1,485.27,485.27,164.31,0.0,Lost,East,1,1,1,3
CG-00115,272,3,1218.78,203.13,337.32,0.125,New/Promising,East,3,2,2,7
CG-00116,314,5,18121.739999999998,1647.430909090909,3003.8,0.1,Champions,East,3,4,4,11
CG-00117,1167,2,53.72,26.86,9.18,0.075,Lost,Central,1,1,1,3
CG-00118,249,2,924.9399999999999,231.23499999999999,45.3,0.1,New/Promising,West,3,1,2,6
CG-00119,135,3,31126.47,2394.3438461538462,8264.16,0.08076923076923077,Big Spenders,Central,4,2,4,10
CG-00120,299,2,1032.04,516.02,70.01,0.15,New/Promising,East,3,1,2,6
CG-00121,252,2,5787.73,1446.9325,726.02,0.05,Big Spenders,West,3,1,4,8
CG-00123,695,2,13300.310000000001,1900.044285714286,4456.929999999999,0.1142857142857143,Lost Big Spenders,East,1,1,4,6
CG-00124,195,4,8394.06,1399.01,3653.56,0.049999999999999996,Champions,Central,3,3,4,10
CG-00125,1240,1,108.96,108.96,7.8,0.0,Lost,Central,1,1,1,3
CG-00126,369,2,5865.719999999999,1466.4299999999998,1420.98,0.05,Lost Big Spenders,South,2,1,4,7
CG-00128,459,4,6514.46,1085.7433333333333,1589.76,0.041666666666666664,At Risk,Central,2,3,4,9
CG-00129,310,5,5211.78,744.54,620.61,0.07142857142857142,Champions,South,3,4,4,11
CG-00130,223,2,1100.37,275.0925,216.02,0.05,New/Promising,South,3,1,2,6
CG-00132,845,6,14700.96,816.7199999999999,3606.3700000000003,0.07777777777777778,At Risk,East,1,4,4,9
CG-00133,1229,2,2301.36,767.12,769.9599999999999,0.18333333333333335,Lost Big Spenders,Central,1,1,3,5
CG-00134,1075,2,2076.67,415.334,578.82,0.08,Lost,East,1,1,2,4
CG-00135,1072,1,587.52,293.76,134.51,0.05,Lost,West,1,1,1,3
CG-00136,72,4,70.02,14.004,9.34,0.030000000000000006,Loyal Customers,West,4,3,1,8
CG-00138,150,4,1577.21,315.442,315.25,0.15999999999999998,Loyal Customers,South,4,3,2,9
CG-00139,310,4,5098.9,728.4142857142857,1283.8600000000001,0.07857142857142858,Champions,East,3,3,3,9
CG-00140,123,1,332.92,110.97333333333334,40.14,0.03333333333333333,New/Promising,East,4,1,1,6
CG-00141,263,4,1667.03,238.14714285714285,534.3599999999999,0.028571428571428574,Loyal Customers,East,3,3,2,8
CG-00142,162,3,3666.69,1222.23,1693.15,0.05000000000000001,Big Spenders,East,4,2,3,9
CG-00143,675,3,4075.68,1018.92,1732.39,0.0625,Lost Big Spenders,West,1,2,3,6
CG-00144,361,2,1687.38,421.845,129.20999999999998,0.07500000000000001,Lost,South,2,1,2,5
CG-00145,120,8,17114.08,855.7040000000001,3094.85,0.065,Champions,South,4,4,4,12
CG-00146,319,5,4724.18,393.6816666666667,459.44,0.08333333333333333,Champions,East,3,4,3,10
CG-00147,941,3,2048.54,409.70799999999997,483.22999999999996,0.1,Lost,East,1,2,2,5
CG-00148,1291,1,944.73,944.73,128.58,0.1,Lost,Central,1,1,2,4
CG-00149,245,3,7489.35,832.1500000000001,1740.69,0.10555555555555556,Big Spenders,Central,3,2,4,9
CG-00151,497,6,11992.56,999.38,2272.07,0.09583333333333334,At Risk,Central,2,4,4,10
CG-00152,235,4,1315.19,146.13222222222223,301.97,0.07222222222222223,Loyal Customers,Central,3,3,2,8
CG-00153,488,3,2387.17,341.0242857142857,391.31,0.09999999999999999,Lost Big Spenders,Central,2,2,3,7
CG-00154,120,1,35.04,35.04,5.32,0.1,New/Promising,South,4,1,1,6
CG-00155,609,2,4885.12,1221.28,1730.69,0.1,Lost Big Spenders,Central,1,1,3,5
CG-00156,171,6,2231.99,202.9081818181818,306.21,0.06818181818181818,Champions,West,3,4,3,10
CG-00158,511,3,4713.59,589.19875,1547.48,0.06875,Lost Big Spenders,South,2,2,3,7
CG-00160,1175,3,547.22,136.805,-27.88,0.125,Lost,West,1,2,1,4
CG-00161,1318,1,237.62,118.81,66.42,0.05,Lost,Central,1,1,1,3
CG-00162,169,4,1519.73,189.96625,23.389999999999997,0.14375,Loyal Customers,Central,4,3,2,9
CG-00163,534,4,2308.85,329.8357142857143,172.69,0.1142857142857143,At Risk,South,2,3,3,8
CG-00164,977,1,2128.17,1064.085,493.09,0.075,Lost,Central,1,1,2,4
CG-00165,1393,1,1878.0200000000002,626.0066666666668,401.79,0.03333333333333333,Lost,East,1,1,2,4
CG-00166,289,1,13.7,13.7,3.34,0.1,New/Promising,South,3,1,1,5
CG-00167,530,3,6082.47,868.9242857142857,1662.97,0.08571428571428572,Lost Big Spenders,East,2,2,4,8
CG-00168,1373,1,977.09,977.09,-33.06,0.1,Lost,Central,1,1,2,4
CG-00169,803,1,1159.84,1159.84,151.85,0.0,Lost,West,1,1,2,4
CG-00170,146,3,1349.04,269.808,419.51,0.06999999999999999,New/Promising,East,4,2,2,8
CG-00171,242,2,3975.37,1325.1233333333332,1052.87,0.0,Big Spenders,Central,3,1,3,7
CG-00172,228,3,9879.63,1646.6049999999998,2341.98,0.03333333333333333,Big Spenders,South,3,2,4,9
CG-00173,68,1,1243.56,1243.56,194.97,0.1,New/Promising,South,4,1,2,7
CG-00174,44,3,2395.47,598.8675,262.64,0.1375,Big Spenders,West,4,2,3,9
CG-00175,1056,1,2433.88,608.47,991.61,0.0625,Lost Big Spenders,Central,1,1,3,5
CG-00176,105,3,8968.27,1281.1814285714286,3031.05,0.02142857142857143,Big Spenders,Central,4,2,4,10
CG-00177,426,5,4920.42,447.3109090909091,651.97,0.08636363636363636,At Risk,East,2,4,3,9
CG-00178,428,3,238.26,39.71,27.07,0.08333333333333333,Lost,East,2,2,1,5
CG-00180,153,2,194.08,48.52,38.44,0.05,New/Promising,East,4,1,1,6
CG-00181,335,3,1006.41,125.80125,56.599999999999994,0.11875000000000001,Lost,South,2,2,2,6
CG-00182,141,1,1963.49,654.4966666666667,292.53000000000003,0.08333333333333333,New/Promising,West,4,1,2,7
CG-00183,338,1,1590.5700000000002,795.2850000000001,469.09999999999997,0.0,Lost,East,2,1,2,5
CG-00184,759,2,1310.25,436.75,126.28999999999999,0.016666666666666666,Lost,South,1,1,2,4
CG-00185,72,4,2455.91,223.26454545454544,246.03,0.10454545454545455,Champions,East,4,3,3,10
CG-00186,340,4,4901.29,700.1842857142857,799.87,0.05714285714285715,At Risk,East,2,3,3,8
CG-00187,122,3,1436.21,287.242,151.62,0.08,New/Promising,Central,4,2,2,8
CG-00188,90,4,345.5,86.375,79.64,0.0625,Loyal Customers,South,4,3,1,8
CG-00189,184,1,1087.47,362.49,211.29,0.15,New/Promising,East,3,1,2,6
CG-00190,411,2,5059.55,1011.9100000000001,961.24,0.06999999999999999,Lost Big Spenders,Central,2,1,3,6
CG-00191,1153,1,785.6,785.6,110.88,0.0,Lost,Central,1,1,2,4
CG-00193,122,3,3798.09,542.5842857142858,664.8399999999999,0.09999999999999999,Big Spenders,West,4,2,3,9
CG-00194,434,1,11.25,11.25,3.48,0.05,Lost,East,2,1,1,4
CG-00195,59,4,5345.0,593.8888888888889,881.74,0.07222222222222223,Champions,Central,4,3,4,11
CG-00196,148,3,2682.47,536.4939999999999,606.46,0.09,Big Spenders,East,4,2,3,9
CG-00197,68,1,13.56,13.56,2.41,0.05,New/Promising,South,4,1,1,6
CG-00198,840,3,5649.2,564.92,998.89,0.030000000000000006,Lost Big Spenders,East,1,2,4,7
CG-00199,399,2,284.19,56.838,39.7,0.18,Lost,South,2,1,1,4
CG-00200,255,3,2327.84,581.96,306.61,0.08750000000000001,Big Spenders,South,3,2,3,8
CG-00202,160,3,299.33000000000004,74.83250000000001,22.74,0.05,New/Promising,West,4,2,1,7
CG-00203,102,5,1730.8400000000001,192.31555555555556,340.49,0.07222222222222223,Loyal Customers,South,4,4,2,10
CG-00204,995,1,23.49,23.49,7.55,0.15,Lost,Central,1,1,1,3
CG-00205,119,2,62.57,31.285,10.030000000000001,0.0,New/Promising,East,4,1,1,6
CG-00206,19,4,7693.34,769.3340000000001,799.68,0.075,Champions,Central,4,3,4,11
CG-00207,80,6,2643.95,293.7722222222222,487.69,0.08333333333333333,Champions,West,4,4,3,11
CG-00209,541,2,352.94,70.588,20.77,0.05,Lost,South,2,1,1,4
CG-00210,338,1,71.98,71.98,6.03,0.05,Lost,West,2,1,1,4
CG-00211,1209,2,3153.46,630.692,491.25,0.09,Lost Big Spenders,West,1,1,3,5
CG-00212,29,2,1916.7200000000003,383.34400000000005,480.92,0.06000000000000001,New/Promising,South,4,1,2,7
CG-00213,203,2,549.6800000000001,274.84000000000003,12.1,0.05,New/Promising,East,3,1,1,5
CG-00214,101,2,1066.32,533.16,225.54999999999998,0.0,New/Promising,South,4,1,2,7
CG-00215,237,3,1787.71,255.38714285714286,438.02,0.05714285714285715,New/Promising,South,3,2,2,7
CG-00216,926,3,2081.52,416.304,436.47,0.08,Lost,South,1,2,2,5
CG-00218,188,3,1863.5300000000002,310.58833333333337,220.09,0.06666666666666667,New/Promising,West,3,2,2,7
CG-00219,917,2,2214.77,738.2566666666667,447.94,0.0,Lost Big Spenders,West,1,1,3,5
CG-00220,631,2,185.43,92.715,34.31,0.1,Lost,West,1,1,1,3
CG-00221,27,4,10541.64,1756.9399999999998,3463.64,0.024999999999999998,Champions,West,4,3,4,11
CG-00222,390,2,33.14,16.57,6.22,0.125,Lost,West,2,1,1,4
CG-00223,216,1,607.36,303.68,101.42,0.1,New/Promising,East,3,1,1,5
CG-00224,112,5,13878.65,925.2433333333333,2097.25,0.09333333333333332,Champions,West,4,4,4,12
CG-00225,442,3,9416.09,1883.218,3650.18,0.02,Lost Big Spenders,South,2,2,4,8
CG-00226,340,5,4710.68,672.9542857142858,1071.76,0.0071428571428571435,At Risk,Central,2,4,3,9
CG-00227,344,3,2273.17,568.2925,684.3599999999999,0.037500000000000006,Lost Big Spenders,West,2,2,3,7
CG-00228,724,4,6749.59,562.4658333333333,1696.7,0.075,At Risk,West,1,3,4,8
CG-00229,479,3,5405.0,1351.25,1248.54,0.1,Lost Big Spenders,Central,2,2,4,8
CG-00230,136,2,492.69,164.23,4.92,0.06666666666666667,New/Promising,South,4,1,1,6
CG-00231,169,4,1122.6399999999999,187.10666666666665,68.63,0.05000000000000001,Loyal Customers,East,4,3,2,9
CG-00232,1087,2,815.85,135.975,162.47000000000003,0.03333333333333333,Lost,East,1,1,2,4
CG-00233,299,7,3265.99,326.599,190.57,0.075,Champions,Central,3,4,3,10
CG-00234,240,3,25383.46,3172.9325,7334.219999999999,0.1125,Big Spenders,West,3,2,4,9
CG-00235,67,5,3227.1,403.3875,765.36,0.0625,Champions,Central,4,4,3,11
CG-00236,626,1,33.39,33.39,6.24,0.15,Lost,Central,1,1,1,3
CG-00237,200,1,451.4,451.4,46.2,0.2,New/Promising,Central,3,1,1,5
CG-00238,898,2,1035.71,258.9275,53.05,0.075,Lost,South,1,1,2,4
CG-00239,536,2,364.02,182.01,45.6,0.175,Lost,Central,2,1,1,4
CG-00240,404,7,2897.22,181.07625,427.53,0.08437499999999999,At Risk,East,2,4,3,9
CG-00241,259,3,6267.43,1566.8575,1813.6499999999999,0.1375,Big Spenders,Central,3,2,4,9
CG-00242,615,1,1844.61,368.92199999999997,295.49,0.05,Lost,South,1,1,2,4
CG-00243,267,7,2179.82,198.16545454545457,393.71000000000004,0.045454545454545456,Loyal Customers,Central,3,4,2,9
CG-00244,133,3,1677.79,186.42111111111112,547.45,0.07222222222222223,New/Promising,West,4,2,2,8
CG-00245,169,1,8.46,8.46,2.69,0.0,New/Promising,East,4,1,1,6
CG-00246,135,6,4054.14,368.5581818181818,471.63,0.07272727272727274,Champions,South,4,4,3,11
CG-00247,667,1,1.89,1.89,0.4,0.1,Lost,South,1,1,1,3
CG-00248,308,3,12028.82,1718.402857142857,875.38,0.03571428571428571,Big Spenders,South,3,2,4,9
CG-00249,532,3,3954.7799999999997,1318.26,1627.89,0.08333333333333333,Lost Big Spenders,Central,2,2,3,7
CG-00250,393,4,12651.71,2108.6183333333333,2272.15,0.05833333333333334,At Risk,Central,2,3,4,9
CG-00251,207,3,1067.45,266.8625,184.20999999999998,0.11249999999999999,New/Promising,East,3,2,2,7
CG-00252,265,2,442.87000000000006,110.71750000000002,-9.43,0.1125,New/Promising,South,3,1,1,5
CG-00253,1030,2,281.52,70.38,54.709999999999994,0.025,Lost,East,1,1,1,3
CG-00254,143,4,7273.56,808.1733333333334,2265.42,0.12222222222222223,Champions,South,4,3,4,11
CG-00255,1353,1,872.04,872.04,130.58,0.0,Lost,West,1,1,2,4
CG-00256,653,1,3251.6099999999997,812.9024999999999,556.51,0.1875,Lost Big Spenders,South,1,1,3,5
CG-00257,27,5,2588.2,199.09230769230768,1019.6000000000001,0.04230769230769231,Champions,Central,4,4,3,11
CG-00258,497,4,9086.039999999999,2271.5099999999998,1959.53,0.05,At Risk,Central,2,3,4,9
CG-00259,123,3,619.9300000000001,103.32166666666667,272.08,0.05000000000000001,New/Promising,Central,4,2,2,8
CG-00262,603,3,2141.67,428.334,62.50000000000001,0.11000000000000001,Lost,Central,1,2,2,5
CG-00263,258,1,667.73,667.73,-20.61,0.0,New/Promising,East,3,1,2,6
CG-00264,133,4,1193.1,198.85,164.19,0.10833333333333334,Loyal Customers,East,4,3,2,9
CG-00265,698,2,238.32999999999998,47.666,33.300000000000004,0.06,Lost,South,1,1,1,3
CG-00266,1226,1,9.34,4.67,1.7600000000000002,0.15,Lost,Central,1,1,1,3
CG-00267,643,5,3839.4399999999996,383.94399999999996,394.18,0.10500000000000001,At Risk,Central,1,4,3,8
CG-00268,141,3,499.39,124.8475,89.28999999999999,0.11249999999999999,New/Promising,East,4,2,1,7
CG-00269,143,4,1740.8700000000001,348.17400000000004,199.89999999999998,0.06,Loyal Customers,East,4,3,2,9
CG-00270,113,3,4100.29,683.3816666666667,769.71,0.21666666666666667,Big Spenders,West,4,2,3,9
CG-00271,91,3,1607.06,267.8433333333333,399.02,0.09166666666666667,New/Promising,East,4,2,2,8
CG-00272,100,2,238.13,79.37666666666667,73.94,0.05000000000000001,New/Promising,West,4,1,1,6
CG-00273,171,2,9763.44,3254.48,3700.92,0.06666666666666667,Big Spenders,South,3,1,4,8
CG-00274,297,1,376.93,94.2325,64.88,0.075,New/Promising,Central,3,1,1,5
CG-00275,563,3,465.04,116.26,111.4,0.125,Lost,Central,2,2,1,5
CG-00276,821,2,1990.7600000000002,398.15200000000004,652.17,0.06,Lost,West,1,1,2,4
CG-00277,378,4,9683.75,1383.392857142857,2195.2200000000003,0.07142857142857142,At Risk,West,2,3,4,9
CG-00278,623,3,2625.55,291.7277777777778,551.9200000000001,0.061111111111111116,Lost Big Spenders,West,1,2,3,6
CG-00279,211,5,2996.5499999999997,374.56874999999997,739.8000000000001,0.09375,Champions,Central,3,4,3,10
CG-00280,613,4,2845.46,406.4942857142857,507.57,0.14285714285714285,At Risk,West,1,3,3,7
CG-00281,195,3,400.58,100.145,97.77000000000001,0.0,New/Promising,East,3,2,1,6
CG-00282,641,2,6247.02,3123.51,1557.31,0.0,Lost Big Spenders,South,1,1,4,6
CG-00283,452,2,4074.6000000000004,1358.2,1533.24,0.03333333333333333,Lost Big Spenders,South,2,1,3,6
CG-00284,346,5,5136.43,642.05375,976.85,0.075,At Risk,West,2,4,3,9
CG-00285,522,1,35.65,35.65,11.23,0.05,Lost,West,2,1,1,4
CG-00286,307,5,4644.35,663.4785714285715,817.8299999999999,0.09999999999999999,Champions,East,3,4,3,10
CG-00287,641,3,2683.7799999999997,536.756,705.5999999999999,0.15,Lost Big Spenders,West,1,2,3,6
CG-00289,632,2,4734.9,946.9799999999999,1266.52,0.13999999999999999,Lost Big Spenders,East,1,1,3,5
CG-00290,595,3,3660.37,915.0925,596.9,0.15,Lost Big Spenders,South,2,2,3,7
CG-00291,559,3,4206.51,600.9300000000001,661.22,0.12142857142857144,Lost Big Spenders,South,2,2,3,7
CG-00292,237,3,3270.7000000000003,654.1400000000001,762.12,0.06000000000000001,Big Spenders,East,3,2,3,8
CG-00293,204,5,5740.8099999999995,717.6012499999999,2113.5,0.0375,Champions,Central,3,4,4,11
CG-00294,464,3,406.09000000000003,135.36333333333334,24.11,0.16666666666666666,Lost,West,2,2,1,5
CG-00295,685,4,1224.45,153.05625,230.74,0.10625,Needs Attention,Central,1,3,2,6
CG-00296,587,2,291.02,97.00666666666666,57.89,0.08333333333333333,Lost,East,2,1,1,4
CG-00297,254,1,60.16,20.05333333333333,15.030000000000001,0.08333333333333333,New/Promising,East,3,1,1,5
CG-00298,486,4,11846.74,1974.4566666666667,3277.77,0.06666666666666667,At Risk,East,2,3,4,9
CG-00300,793,2,94.71000000000001,23.677500000000002,15.780000000000001,0.037500000000000006,Lost,Central,1,1,1,3
CG-00301,11,3,7072.2300000000005,1414.4460000000001,1456.21,0.08,Big Spenders,South,4,2,4,10
CG-00302,267,3,1174.03,167.71857142857144,204.66,0.042857142857142864,New/Promising,South,3,2,2,7
CG-00303,171,3,9211.029999999999,1315.8614285714284,1062.78,0.07857142857142858,Big Spenders,South,3,2,4,9
CG-00304,202,4,2235.38,248.37555555555556,515.8000000000001,0.044444444444444446,Champions,West,3,3,3,9
CG-00305,114,4,6464.14,646.414,1793.68,0.065,Champions,Central,4,3,4,11
CG-00306,361,5,20665.260000000002,2952.1800000000003,4471.87,0.05714285714285715,At Risk,West,2,4,4,10
CG-00307,450,3,5701.91,814.5585714285714,425.2,0.12857142857142856,Lost Big Spenders,West,2,2,4,8
CG-00308,179,3,5172.3,862.0500000000001,1841.39,0.08333333333333333,Big Spenders,West,3,2,3,8
CG-00309,513,3,113.28,22.656,33.129999999999995,0.06999999999999999,Lost,South,2,2,1,5
CG-00310,361,5,3385.6,483.65714285714284,400.77000000000004,0.10714285714285714,At Risk,South,2,4,3,9
CG-00311,130,3,1348.32,269.664,272.29,0.02,New/Promising,West,4,2,2,8
CG-00312,579,2,4827.41,1609.1366666666665,817.2,0.049999999999999996,Lost Big Spenders,South,2,1,3,6
CG-00313,1130,3,362.29999999999995,60.383333333333326,8.58,0.09999999999999999,Lost,West,1,2,1,4
CG-00314,332,6,8435.79,602.5564285714287,1450.31,0.04642857142857143,Champions,South,3,4,4,11
CG-00315,104,2,17394.96,2899.16,7531.06,0.041666666666666664,Big Spenders,Central,4,1,4,9
CG-00316,225,6,3023.27,335.9188888888889,1139.65,0.03888888888888889,Champions,West,3,4,3,10
CG-00317,537,4,1356.3000000000002,271.26000000000005,216.33,0.09,Needs Attention,Central,2,3,2,7
CG-00318,395,4,1609.4,229.91428571428574,578.4599999999999,0.07142857142857142,Needs Attention,West,2,3,2,7
CG-00319,474,5,3821.51,477.68875,680.72,0.08125,At Risk,West,2,4,3,9
CG-00320,1180,1,2960.71,592.142,705.02,0.030000000000000006,Lost Big Spenders,South,1,1,3,5
CG-00321,533,3,1076.23,215.246,159.76999999999998,0.05,Lost,East,2,2,2,6
CG-00322,222,4,3351.45,239.3892857142857,708.15,0.07142857142857142,Champions,South,3,3,3,9
CG-00324,172,4,140.7,35.175,15.32,0.037500000000000006,Loyal Customers,East,3,3,1,7
CG-00325,317,3,1690.66,241.52285714285716,318.7,0.05,New/Promising,South,3,2,2,7
CG-00326,1212,1,117.84,23.568,21.900000000000002,0.06999999999999999,Lost,East,1,1,1,3
CG-00327,122,4,2548.77,424.795,346.37,0.09166666666666667,Champions,West,4,3,3,10
CG-00328,37,3,668.4,133.68,149.83,0.06999999999999999,New/Promising,West,4,2,2,8
CG-00329,801,3,446.65,111.6625,87.33,0.125,Lost,South,1,2,1,4
CG-00330,644,4,2570.01,367.14428571428573,412.05,0.028571428571428574,At Risk,East,1,3,3,7
CG-00331,660,3,1467.02,366.755,173.4,0.07500000000000001,Lost,Central,1,2,2,5
CG-00332,438,3,8160.55,1632.1100000000001,2627.89,0.1,Lost Big Spenders,Central,2,2,4,8
CG-00333,502,2,297.88,148.94,49.45,0.025,Lost,South,2,1,1,4
CG-00334,1048,1,229.01,76.33666666666666,25.29,0.11666666666666665,Lost,East,1,1,1,3
CG-00335,720,3,978.94,244.735,141.61,0.0625,Lost,East,1,2,2,5
CG-00336,527,7,7620.43,586.1869230769231,1456.99,0.06538461538461539,At Risk,South,2,4,4,10
CG-00337,427,1,8303.64,2767.8799999999997,3422.2,0.15,Lost Big Spenders,Central,2,1,4,7
CG-00338,282,3,12222.66,1527.8325,2191.58,0.1,Big Spenders,Central,3,2,4,9
CG-00339,152,3,2560.3199999999997,512.064,656.17,0.04,Big Spenders,South,4,2,3,9
CG-00340,322,3,525.71,87.61833333333334,20.18,0.10833333333333334,New/Promising,South,3,2,1,6
CG-00341,724,1,24068.86,6017.215,11278.15,0.075,Lost Big Spenders,South,1,1,4,6
CG-00342,208,2,4276.0199999999995,1069.0049999999999,117.14999999999999,0.05,Big Spenders,East,3,1,3,7
CG-00343,55,3,2852.8999999999996,356.61249999999995,479.89,0.0875,Big Spenders,South,4,2,3,9
CG-00344,249,3,786.13,262.04333333333335,235.13,0.06666666666666667,New/Promising,West,3,2,2,7
CG-00345,465,4,1072.8,178.79999999999998,70.45,0.05833333333333333,Needs Attention,South,2,3,2,7
CG-00346,131,1,281.89,281.89,64.79,0.0,New/Promising,South,4,1,1,6
CG-00347,289,4,4989.84,356.4171428571429,1188.14,0.04642857142857143,Champions,East,3,3,3,9
CG-00348,221,2,690.96,230.32000000000002,92.88,0.08333333333333333,New/Promising,East,3,1,2,6
CG-00349,1201,1,829.04,829.04,230.78,0.2,Lost,Central,1,1,2,4
CG-00350,248,2,12262.499999999998,4087.4999999999995,4823.04,0.06666666666666667,Big Spenders,West,3,1,4,8
CG-00351,612,4,2246.11,449.22200000000004,409.42,0.07,At Risk,West,1,3,3,7
CG-00352,286,5,3802.75,345.70454545454544,606.72,0.1,Champions,South,3,4,3,10
CG-00353,296,5,882.6899999999999,98.07666666666665,233.72,0.1111111111111111,Loyal Customers,West,3,4,2,9
CG-00354,1431,1,57.24,57.24,11.33,0.0,Lost,Central,1,1,1,3
CG-00355,243,5,4968.03,414.0025,1098.96,0.08333333333333333,Champions,South,3,4,3,10
CG-00356,593,1,56.94,28.47,5.66,0.05,Lost,Central,2,1,1,4
CG-00357,62,6,9492.560000000001,1054.728888888889,1763.31,0.07222222222222223,Champions,South,4,4,4,12
CG-00358,407,4,2603.78,520.7560000000001,413.0,0.06999999999999999,At Risk,South,2,3,3,8
CG-00359,25,3,3281.2200000000003,546.87,555.11,0.09166666666666667,Big Spenders,West,4,2,3,9
CG-00360,148,3,1005.77,201.154,73.1,0.18,New/Promising,Central,4,2,2,8
CG-00361,489,1,283.26,283.26,62.87,0.1,Lost,West,2,1,1,4
CG-00362,596,2,608.3599999999999,304.17999999999995,-9.41,0.075,Lost,West,2,1,1,4
CG-00363,335,3,2583.18,645.795,562.95,0.075,Lost Big Spenders,Central,2,2,3,7
CG-00364,285,3,1161.16,145.145,29.6,0.08124999999999999,New/Promising,Central,3,2,2,7
CG-00365,97,5,6672.5599999999995,741.3955555555555,2709.5699999999997,0.1111111111111111,Champions,Central,4,4,4,12
CG-00366,259,1,36.19,18.095,6.79,0.07500000000000001,New/Promising,East,3,1,1,5
CG-00367,16,4,1684.4799999999998,210.55999999999997,81.91,0.0875,Loyal Customers,South,4,3,2,9
CG-00368,155,4,1030.13,171.68833333333336,62.58,0.08333333333333333,Loyal Customers,East,4,3,2,9
CG-00369,538,2,295.26,147.63,10.17,0.1,Lost,West,2,1,1,4
CG-00370,751,1,1889.01,1889.01,9.19,0.1,Lost,East,1,1,2,4
CG-00371,473,3,9851.52,985.152,2649.15,0.030000000000000006,Lost Big Spenders,East,2,2,4,8
CG-00372,1033,1,73.15,36.575,10.1,0.125,Lost,Central,1,1,1,3
CG-00373,849,2,15.66,7.83,3.44,0.07500000000000001,Lost,West,1,1,1,3
CG-00374,32,5,1476.06,295.212,163.96,0.13,Loyal Customers,East,4,4,2,10
CG-00375,1135,4,2743.74,548.7479999999999,531.9499999999999,0.12000000000000002,At Risk,Central,1,3,3,7
CG-00376,312,3,5874.34,979.0566666666667,1495.57,0.13333333333333333,Big Spenders,South,3,2,4,9
CG-00377,415,2,1161.58,290.395,214.69,0.0,Lost,South,2,1,2,5
CG-00378,332,4,3146.25,393.28125,648.62,0.08125,Champions,South,3,3,3,9
CG-00379,349,2,7174.450000000001,1434.89,1394.87,0.1,Lost Big Spenders,East,2,1,4,7
CG-00382,388,2,6450.25,1290.05,1867.04,0.08,Lost Big Spenders,South,2,1,4,7
CG-00383,200,4,484.45000000000005,69.20714285714287,9.020000000000001,0.09285714285714286,Loyal Customers,West,3,3,1,7
CG-00384,1159,2,704.63,352.315,160.53,0.05,Lost,South,1,1,2,4
CG-00385,243,6,5259.7699999999995,751.3957142857142,1204.1699999999998,0.09285714285714286,Champions,Central,3,4,4,11
CG-00386,82,3,3812.4100000000003,423.60111111111115,378.62,0.07222222222222223,Big Spenders,East,4,2,3,9
CG-00387,166,4,10478.28,1309.785,185.73000000000002,0.075,Champions,East,4,3,4,11
CG-00388,565,5,1719.8,171.98,190.75,0.05500000000000001,Needs Attention,West,2,4,2,8
CG-00389,168,3,12247.5,2449.5,3414.62,0.01,Big Spenders,West,4,2,4,10
CG-00390,220,2,490.93,245.465,196.26,0.075,New/Promising,East,3,1,1,5
CG-00391,988,1,5.66,5.66,1.92,0.15,Lost,Central,1,1,1,3
CG-00393,126,6,13790.69,1379.069,2972.31,0.025,Champions,Central,4,4,4,12
CG-00394,180,1,28.14,28.14,9.7,0.0,New/Promising,Central,3,1,1,5
CG-00395,676,3,3002.99,500.4983333333333,302.94,0.05833333333333333,Lost Big Spenders,South,1,2,3,6
CG-00396,315,4,2066.63,516.6575,196.53,0.0125,Loyal Customers,Central,3,3,2,8
CG-00397,1039,3,2269.8199999999997,378.3033333333333,571.23,0.03333333333333333,Lost Big Spenders,West,1,2,3,6
CG-00398,462,1,1394.22,1394.22,509.17,0.0,Lost,South,2,1,2,5
CG-00399,436,2,423.26,211.63,-30.220000000000002,0.15,Lost,West,2,1,1,4
CG-00400,290,4,1594.97,265.8283333333333,108.45,0.10833333333333334,Loyal Customers,Central,3,3,2,8
